SKID常數,技能名稱
ABC_ABYSS_DAGGER,深淵匕首
ABC_ABYSS_SLAYER,深淵殺手
ABC_ABYSS_SQUARE,深淵墳場
ABC_ABYSS_STRIKE,終結深淵攻擊
ABC_CHAIN_REACTION_SHOT,連鎖射擊
ABC_DAGGER_AND_BOW_M,短劍&弓弩精熟
ABC_DEFT_STAB,靈巧刺擊
ABC_FRENZY_SHOT,狂暴射擊
ABC_FROM_THE_ABYSS,萬丈深淵
ABC_MAGIC_SWORD_M,魔劍精熟
ABC_STRIP_SHADOW,卸除影子
ABC_UNLUCKY_RUSH,不幸衝擊
AB_ADORAMUS,謳歌
AB_ANCILLA,安希拉
AB_CANTO,純白百合花
AB_CHEAL,燦爛聖光
AB_CLEARANCE,解除
AB_CLEMENTIA,慈悲術
AB_CONVENIO,集結
AB_DUPLELIGHT,二道聖光
AB_EPICLESIS,聖靈降臨祈禱
AB_EUCHARISTICA,感恩祈禱
AB_EXPIATIO,贖罪
AB_HIGHNESSHEAL,高階治癒術
AB_JUDEX,審判
AB_LAUDAAGNUS,羔羊歌頌
AB_LAUDARAMUS,折枝讚頌
AB_OFFERTORIUM,奉獻頌
AB_ORATIO,祈禱文
AB_PRAEFATIO,感恩歌
AB_RENOVATIO,淨化
AB_SECRAMENT,聖典
AB_SILENTIUM,靜寂
AB_VITUPERATUM,天罰
AC_CHARGEARROW,衝鋒箭
AC_CONCENTRATION,心神凝聚
AC_DOUBLE,二連矢
AC_MAKINGARROW,製作箭
AC_OWL,鶚梟之眼
AC_SHOWER,箭雨
AC_VULTURE,蒼鷹之眼
AG_ALL_BLOOM,萬紫千紅
AG_ASTRAL_STRIKE,星際突襲
AG_CLIMAX,魔力巔峰
AG_CRIMSON_ARROW,豔紅魔矢
AG_CRYSTAL_IMPACT,水晶波爆
AG_DEADLY_PROJECTION,致命放射
AG_DESTRUCTIVE_HURRICANE,毀滅颶風
AG_FLORAL_FLARE_ROAD,焰火之徑
AG_FROZEN_SLASH,冰刃斬
AG_MYSTERY_ILLUSION,神秘幻滅
AG_RAIN_OF_CRYSTAL,冰晶飛瀑
AG_ROCK_DOWN,巨石降臨
AG_SOUL_VC_STRIKE,靈魂連擊
AG_STORM_CANNON,暴風加農砲
AG_STRANTUM_TREMOR,地層震動
AG_TORNADO_STORM,龍捲風暴
AG_TWOHANDSTAFF,雙手杖使用熟練度
AG_VIOLENT_QUAKE,震裂術
ALL_ANGEL_PROTECT,感謝您!
ALL_BUYING_STORE,開設採購商店
ALL_CATCRY,怪獸的咆哮
ALL_DREAM_SUMMERNIGHT,一個夏夜之夢
ALL_FULL_THROTTLE,烈火戰車
ALL_GUARDIAN_RECALL,Guardian Recall
ALL_INCCARRY,負重量上升R
ALL_NIFLHEIM_RECALL,前往尼芙菲姆!
ALL_ODINS_POWER,Odins Power
ALL_PARTYFLEE,吹吧! 花風!!
ALL_PRONTERA_RECALL,返回普隆德拉
ALL_RESURRECTION,復活術
AL_ANGELUS,天使之障壁
AL_BLESSING,天使之賜福
AL_CRUCIS,天使之光
AL_CURE,治療術
AL_DECAGI,緩速術
AL_DEMONBANE,天使之擊
AL_DP,天使之護
AL_HEAL,治癒術
AL_HOLYLIGHT,神聖之光
AL_HOLYWATER,天使之淚
AL_INCAGI,加速術
AL_PNEUMA,光之障壁
AL_RUWACH,光獵
AL_TELEPORT,瞬間移動
AL_WARP,傳送之陣
AM_ACIDTERROR,強酸攻擊
AM_AXEMASTERY,斧頭和單手劍使用熟練度
AM_BERSERKPITCHER,菠色克投擲
AM_BIOETHICS,生命倫理
AM_BIOTECHNOLOGY,生命工學研究
AM_CALLHOMUN,生命體召喚
AM_CANNIBALIZE,生物調撥
AM_CP_ARMOR,化學鎧甲保護
AM_CP_HELM,化學頭盔保護
AM_CP_SHIELD,化學盾牌保護
AM_CP_WEAPON,化學武器保護
AM_CREATECREATURE,生命體
AM_CULTIVATION,培養
AM_DEMONSTRATION,火煙瓶投擲
AM_DRILLMASTER,攻擊力訓練
AM_FLAMECONTROL,火焰控制
AM_HEALHOMUN,治癒生命體
AM_LEARNINGPOTION,知識藥水
AM_PHARMACY,配藥
AM_POTIONPITCHER,藥水投擲
AM_REST,安息
AM_RESURRECTHOMUN,復活生命體
AM_SPHEREMINE,氣泡蟲召喚
AM_TWILIGHT1,寬廣配藥1
AM_TWILIGHT2,寬廣配藥2
AM_TWILIGHT3,寬廣配藥3
ASC_BREAKER,心靈震波
ASC_CDP,毒液製作
ASC_EDP,致命塗毒
ASC_KATAR,高階拳刃修練
ASC_METEORASSAULT,黑暗瞬間
AS_CLOAKING,偽裝
AS_ENCHANTPOISON,塗毒
AS_GRIMTOOTH,無影之牙
AS_KATAR,拳刃修練
AS_LEFT,左手修練
AS_POISONREACT,毒性反彈
AS_RIGHT,右手修練
AS_SONICACCEL,超音速投擲
AS_SONICBLOW,音速投擲
AS_SPLASHER,毒性感染
AS_VENOMDUST,病毒散播
AS_VENOMKNIFE,毒刃
All_EVENT_20TH_ANNIVERSARY,RO 20週年鞭炮
BA_APPLEIDUN,伊登的蘋果
BA_ASSASSINCROSS,刺客的黃昏
BA_DISSONANCE,不諧和音
BA_FROSTJOKE,冷笑話
BA_MUSICALLESSON,操控樂器
BA_MUSICALSTRIKE,樂器攻擊
BA_PANGVOICE,陣痛之聲
BA_POEMBRAGI,布萊奇之詩
BA_WHISTLE,吹口哨
BD_ADAPTATION,臨機應變
BD_DRUMBATTLEFIELD,戰鼓震天
BD_ENCORE,安可
BD_ETERNALCHAOS,永遠的混沌
BD_INTOABYSS,觸媒之所
BD_LULLABY,搖籃曲
BD_RAGNAROK,仙境傳說
BD_RICHMANKIM,經驗值倍增
BD_RINGNIBELUNGEN,尼貝隆根之戒指
BD_ROKISWEIL,洛奇的悲鳴
BD_SIEGFRIED,不死神齊格弗里德
BO_ACIDIFIED_ZONE_FIRE,強酸禁地
BO_ACIDIFIED_ZONE_GROUND,強酸禁地
BO_ACIDIFIED_ZONE_WATER,強酸禁地
BO_ACIDIFIED_ZONE_WIND,強酸禁地
BO_ADVANCE_PROTECTION,全影化學保護
BO_BIONICS_M,仿生精熟
BO_BIONIC_PHARMACY,仿生配藥
BO_CREEPER,召喚爬行者
BO_EXPLOSIVE_POWDER,爆炸炸藥
BO_HELLTREE,召喚地獄樹
BO_MAYHEMIC_THORNS,混亂的荊棘
BO_RESEARCHREPORT,研究報告
BO_THE_WHOLE_PROTECTION,全體化學保護
BO_WOODENWARRIOR,召喚神木戰士
BO_WOODEN_FAIRY,召喚神木妖精
BS_ADRENALINE,速度激發
BS_ADRENALINE2,所有速度激發
BS_AXE,斧頭製作
BS_DAGGER,短劍製作
BS_ENCHANTEDSTONE,屬性石製造
BS_FINDINGORE,尋找礦石
BS_GREED,貪婪
BS_HAMMERFALL,大地之擊
BS_HILTBINDING,武器保有
BS_IRON,鐵製造
BS_KNUCKLE,拳套製作
BS_MACE,鈍器製作
BS_MAXIMIZE,武器值最大化
BS_ORIDEOCON,神之金屬研究
BS_OVERTHRUST,凶砍
BS_REPAIRWEAPON,武器修理
BS_SKINTEMPER,強化火屬性
BS_SPEAR,長矛製作
BS_STEEL,鋼製造
BS_SWORD,單手劍製作
BS_TWOHANDSWORD,雙手劍製作
BS_UNFAIRLYTRICK,詭計的商術
BS_WEAPONPERFECT,無視體型攻擊
BS_WEAPONRESEARCH,武器研究
CD_ARBITRIUM,制裁謳歌
CD_ARGUTUS_TELUM,神聖防護
CD_ARGUTUS_VITA,光耀天命
CD_BENEDICTUM,祝福讚歌
CD_COMPETENTIA,神聖權能
CD_DILECTIO_HEAL,博愛治癒
CD_EFFLIGO,破壞擊
CD_FIDUS_ANIMUS,靈魂忠誠
CD_FRAMEN,聖靈鎮魂
CD_MACE_BOOK_M,鈍器&書籍精熟
CD_MEDIALE_VOTUM,治癒誓言
CD_PETITIO,聖光打擊
CD_PNEUMATICUS_PROCELLA,驅魔風暴
CD_PRESENS_ACIES,爆裂聖光
CD_RELIGIO,全心奉獻
CD_REPARATIO,聖光治癒
CG_ARROWVULCAN,奧義箭亂舞
CG_HERMODE,海羅默德的手杖
CG_MARIONETTE,傀儡師的把戲
CG_MOONLIT,落花伴著月光下的水車小屋
CG_SPECIALSINGER,職人演奏家
CG_TAROTCARD,命運的塔羅牌
CH_CHAINCRUSH,氣絕崩擊
CH_PALMSTRIKE,猛虎硬派山
CH_SOULCOLLECT,狂蓄氣
CH_TIGERFIST,伏虎拳
CR_ACIDDEMONSTRATION,強酸火煙瓶投擲
CR_AUTOGUARD,自動防禦
CR_CULTIVATION,植物栽培
CR_DEFENDER,光之盾
CR_DEVOTION,犧牲
CR_FULLPROTECTION,所有化學武器保護
CR_GRANDCROSS,聖十字審判
CR_HOLYCROSS,聖十字攻擊
CR_PROVIDENCE,神祐之光
CR_REFLECTSHIELD,反射盾
CR_SHIELDBOOMERANG,迴旋盾擊
CR_SHIELDCHARGE,盾擊
CR_SHRINK,退縮
CR_SLIMPITCHER,纖細藥水投擲
CR_SPEARQUICKEN,長矛加速術
CR_TRUST,信任
DC_DANCINGLESSON,練習舞蹈
DC_DONTFORGETME,勿忘我
DC_FORTUNEKISS,女神之吻
DC_HUMMING,哼唱之音
DC_SCREAM,驚聲尖叫
DC_SERVICEFORYOU,為您服務
DC_THROWARROW,纏箭投擲
DC_UGLYDANCE,醜陋之舞
DC_WINKCHARM,眨眼之誘
DK_CHARGINGPIERCE,蓄力刺擊
DK_DRAGONIC_AURA,天龍光環
DK_DRAGONIC_BREATH,天龍氣息
DK_HACKANDSLASHER,橫揮斬
DK_MADNESS_CRUSHER,狂暴粉碎
DK_SERVANTWEAPON,死侍武器
DK_SERVANT_W_DEMOL,死侍武器-破滅
DK_SERVANT_W_PHANTOM,死侍武器-瞬幻
DK_SERVANT_W_SIGN,死侍武器-標記
DK_STORMSLASH,風暴斬擊
DK_TWOHANDDEF,雙向防禦
DK_VIGOR,活力之源
ECLAGE_RECALL,返回艾可拉珠
ECL_PEONYMAMY,粉紅粗葉
ECL_SADAGUI,筮答葵葉
ECL_SEQUOIADUST,世界樹之塵
ECL_SNOWFLIP,冰雪寒葉
EM_ACTIVITY_BURN,能量燃燼
EM_CONFLAGRATION,灼熱岩漿
EM_DIAMOND_STORM,鑽石風暴
EM_ELEMENTAL_BUSTER,元素破壞
EM_ELEMENTAL_SPIRIT_M,元素鬥志精熟
EM_ELEMENTAL_VEIL,元素天幕
EM_INCREASING_ACTIVITY,能量轉換
EM_LIGHTNING_LAND,雷霆陣地
EM_MAGIC_BOOK_M,魔法書精熟
EM_SPELL_ENCHANTING,咒力賦予
EM_SUMMON_ELEMENTAL_ARDOR,召喚元素:阿爾多雷
EM_SUMMON_ELEMENTAL_DILUVIO,召喚元素:迪盧比奧
EM_SUMMON_ELEMENTAL_PROCELLA,召喚元素:普羅賽拉
EM_SUMMON_ELEMENTAL_SERPENS,召喚元素:塞爾彭斯
EM_SUMMON_ELEMENTAL_TERREMOTUS,召喚元素:泰雷莫圖斯
EM_TERRA_DRIVE,大地驅動
EM_VENOM_SWAMP,毒液沼澤
GC_ANTIDOTE,解毒劑
GC_CLOAKINGEXCEED,偽裝強化
GC_COUNTERSLASH,反擊斬
GC_CREATENEWPOISON,新毒製作
GC_CROSSIMPACT,十字斬
GC_CROSSRIPPERSLASHER,迴旋十字斬
GC_DARKCROW,致命爪痕
GC_DARKILLUSION,黑色幻影
GC_HALLUCINATIONWALK,幻影步
GC_PHANTOMMENACE,惡靈威脅
GC_POISONINGWEAPON,劇毒武器
GC_POISONSMOKE,毒霧
GC_RESEARCHNEWPOISON,新毒研究
GC_ROLLINGCUTTER,迴旋刀刃
GC_VENOMIMPRESS,毒耐性弱化
GC_VENOMPRESSURE,劇毒強制賦予
GC_WEAPONBLOCKING,武器抵禦
GC_WEAPONCRUSH,卸除武裝
GD_APPROVAL,正式工會認證
GD_BATTLEORDER,下達戰鬥命令
GD_CHARGESHOUT_BEATING,吹響衝鋒號角
GD_CHARGESHOUT_FLAG,衝鋒旗飄揚
GD_DEVELOPMENT,永久的發展
GD_EMERGENCYCALL,緊急呼叫
GD_EMERGENCY_MOVE,緊急移動
GD_EXTENSION,擴充組合體制
GD_GLORYWOUNDS,光榮的傷口
GD_GUARDRESEARCH,研究監護人
GD_GUARDUP,監護人魔物強化
GD_GUILD_STORAGE,公會倉庫擴充
GD_HAWKEYES,尖銳的視線
GD_KAFRACONTRACT,和卡普拉訂契約
GD_LEADERSHIP,偉大的指導力
GD_REGENERATION,復興公會員體力
GD_RESTORE,恢復公會員體力
GD_SOULCOLD,冷漠之心
GM_AP_HEAL,活躍治癒術
GM_ITEM_ATKMAX,物理道具攻擊力最大
GM_ITEM_ATKMIN,物理道具攻擊力最小
GM_ITEM_MATKMAX,魔法道具攻擊力最大
GM_ITEM_MATKMIN,魔法道具攻擊力最小
GM_SANDMAN,搖籃曲
GN_BLOOD_SUCKER,吸血植物
GN_CARTBOOST,手推車加速
GN_CARTCANNON,手推車加農砲
GN_CART_TORNADO,手推車龍捲風
GN_CHANGEMATERIAL,素材變化
GN_CRAZYWEED,瘋狂野草
GN_DEMONIC_FIRE,惡魔火焰
GN_FIRE_EXPANSION,火焰擴散
GN_HELLS_PLANT,地獄植物
GN_ILLUSIONDOPING,幻覺禁藥
GN_MAKEBOMB,炸彈製作書
GN_MANDRAGORA,曼陀羅魔花的尖叫
GN_MIX_COOKING,調配料理
GN_REMODELING_CART,手推車改良
GN_SLINGITEM,道具投擲
GN_SPORE_EXPLOSION,爆炸孢子
GN_S_PHARMACY,專門配藥
GN_THORNS_TRAP,荊棘陷阱
GN_TRAINING_SWORD,單手劍使用熟練度
GN_WALLOFTHORN,荊棘之壁
GS_ADJUSTMENT,終極閃躲
GS_BULLSEYE,公牛之眼
GS_CHAINACTION,連鎖衝擊
GS_CRACKER,轟然巨響
GS_DESPERADO,亡命之徒
GS_DISARM,拋戈卸甲
GS_DUST,彈片四射
GS_FLING,投擲硬幣
GS_FULLBUSTER,全面破壞
GS_GATLINGFEVER,格林狂熱
GS_GLITTERING,裝滿硬幣
GS_GROUNDDRIFT,四面埋伏
GS_INCREASING,命中率遞增
GS_MADNESSCANCEL,瘋狂凱斯樂
GS_MAGICALBULLET,魔術彈
GS_PIERCINGSHOT,霹靂彈
GS_RAPIDSHOWER,五連擊
GS_SINGLEACTION,單槍射擊
GS_SNAKEEYE,瞄準之眼
GS_SPREADATTACK,火力全開
GS_TRACKING,百步穿楊
GS_TRIPLEACTION,三連攻擊
HAMI_BLOODLUST,血的貪求
HAMI_CASTLE,位置互換
HAMI_DEFENCE,防禦力
HAMI_SKIN,活命之膚
HFLI_FLEET,橫越速度
HFLI_MOON,月光
HFLI_SBR44,S.B.R.44
HFLI_SPEED,緊急迴避
HLIF_AVOID,輕捷移動
HLIF_BRAIN,腦手術
HLIF_CHANGE,智力變換
HLIF_HEAL,治癒之手
HN_BREAKINGLIMIT,突破極限
HN_DOUBLEBOWLINGBASH,雙重怪物互擊
HN_GROUND_GRAVITATION,地面重力
HN_HELLS_DRIVE,地獄毀滅
HN_JACK_FROST_NOVA,新霜凍術
HN_JUPITEL_THUNDER_STORM,雷鳴術風暴
HN_MEGA_SONIC_BLOW,巨型音速投擲
HN_METEOR_STORM_BUSTER,隕石術猛擊
HN_NAPALM_VULCAN_STRIKE,念力連擊攻擊
HN_RULEBREAK,突破規矩
HN_SELFSTUDY_SOCERY,自學魔法
HN_SELFSTUDY_TATICS,自學策略
HN_SHIELD_CHAIN_RUSH,連續盾擊衝撞
HN_SPIRAL_PIERCE_MAX,螺旋擊刺Max
HP_ASSUMPTIO,聖母之祈福
HP_BASILICA,神聖殿堂
HP_MANARECHARGE,魔力減免
HP_MEDITATIO,冥想
HT_ANKLESNARE,定位陷阱
HT_BEASTBANE,動物殺手
HT_BLASTMINE,定時爆炸陷阱
HT_BLITZBEAT,閃電衝擊
HT_CLAYMORETRAP,爆散陷阱
HT_DETECTING,獵鷹尋敵
HT_FALCON,馴鷹術
HT_FLASHER,強光陷阱
HT_FREEZINGTRAP,霜凍陷阱
HT_LANDMINE,地雷陷阱
HT_PHANTASMIC,幻影箭
HT_POWER,動物猛擊
HT_REMOVETRAP,陷阱移除
HT_SANDMAN,睡魔陷阱
HT_SHOCKWAVE,魔耗陷阱
HT_SKIDTRAP,滑動陷阱
HT_SPRINGTRAP,爆破陷阱
HT_STEELCROW,鋼製喙
HT_TALKIEBOX,陷阱探查
HVAN_CAPRICE,善變
HVAN_CHAOTIC,混亂的祈福
HVAN_EXPLOSION,生物爆炸
HVAN_INSTRUCT,變更指示
HW_GANBANTEIN,咖般塔音
HW_GRAVITATION,重力原野
HW_MAGICCRASHER,魔擊術
HW_MAGICPOWER,魔力增幅
HW_NAPALMVULCAN,念力連擊
HW_SOULDRAIN,吸魂術
IG_ATTACK_STANCE,攻擊架式
IG_CROSS_RAIN,聖十字雨
IG_GRAND_JUDGEMENT,末日審判
IG_GUARDIAN_SHIELD,守護神盾
IG_GUARD_STANCE,防禦架式
IG_HOLY_SHIELD,抗性聖盾
IG_JUDGEMENT_CROSS,交錯審判
IG_OVERSLASH,瞬間斬擊
IG_REBOUND_SHIELD,回彈神盾
IG_SHIELD_MASTERY,防盾精熟
IG_SHIELD_SHOOTING,盾牌投擲
IG_SPEAR_SWORD_M,矛&劍精熟
IG_ULTIMATE_SACRIFICE,終極犧牲
IQ_EXPOSION_BLASTER,爆破衝擊
IQ_FIRM_FAITH,堅定信念
IQ_FIRST_BRAND,第一擊:烙印
IQ_FIRST_FAITH_POWER,首章:信仰之力
IQ_JUDGE,次章:審判者
IQ_MASSIVE_F_BLASTER,焰魔散彈
IQ_OLEUM_SANCTUM,聖油洗禮
IQ_POWERFUL_FAITH,堅毅信念
IQ_SECOND_FAITH,第二擊:信念
IQ_SECOND_FLAME,第二擊:火焰滅絕
IQ_SECOND_JUDGEMENT,第二擊:審判
IQ_SINCERE_FAITH,真誠信念
IQ_THIRD_CONSECRATION,第三擊:淨化
IQ_THIRD_EXOR_FLAME,最終章:驅魔火焰
IQ_THIRD_FLAME_BOMB,第三擊 : 火焰彈
IQ_THIRD_PUNISH,第三擊 : 懲治
IQ_WILL_OF_FAITH,信念意志
ITM_TOMAHAWK,投擲風靈之斧
KG_KAGEHUMI,踏影
KG_KAGEMUSYA,影子武士
KG_KYOMU,虛無飄妙之影
KN_AUTOCOUNTER,反擊
KN_BOWLINGBASH,怪物攻擊
KN_BRANDISHSPEAR,騎乘攻擊
KN_CAVALIERMASTERY,騎兵修練
KN_CHARGEATK,衝鋒攻擊
KN_ONEHAND,單手劍攻擊速度增加
KN_PIERCE,連刺攻擊
KN_RIDING,騎乘術
KN_SPEARBOOMERANG,投擲長矛攻擊
KN_SPEARMASTERY,長矛使用熟練度
KN_SPEARSTAB,長矛刺擊
KN_TWOHANDQUICKEN,雙手劍攻擊速度增加
KO_BAKURETSU,炸彈飛刀
KO_DOHU_KOUKAI,地符 : 剛塊
KO_GENWAKU,幻術–迷惑
KO_HAPPOKUNAI,八方飛刀
KO_HUUMARANKA,風魔飛鏢之飛舞
KO_HYOUHU_HUBUKI,冰符 : 吹雪
KO_IZAYOI,十六夜
KO_JYUMONJIKIRI,幽冥十字斬
KO_JYUSATSU,幻術–咒死
KO_KAHU_ENTEN,火符 : 炎天
KO_KAIHOU,法術–釋放
KO_KAZEHU_SEIRAN,風符 : 青嵐
KO_KYOUGAKU,幻術–驚恐
KO_LEFT,左手修練
KO_MAKIBISHI,投擲三角釘
KO_MEIKYOUSISUI,明鏡止水
KO_MUCHANAGE,投擲魔幣
KO_RIGHT,右手修練
KO_SETSUDAN,靈魂阻隔
KO_YAMIKUMO,暗雲
KO_ZANZOU,幻術–殘影
KO_ZENKAI,法術–施展
LG_BANDING,聚集
LG_BANISHINGPOINT,放逐攻擊
LG_CANNONSPEAR,加農砲攻擊
LG_EARTHDRIVE,大地毀滅
LG_EXEEDBREAK,強化衝擊
LG_FORCEOFVANGUARD,先鋒部隊
LG_HESPERUSLIT,黃昏星之光
LG_INSPIRATION,靈感
LG_KINGS_GRACE,王的恩典
LG_MOONSLASHER,半月斬
LG_OVERBRAND,支配烙印
LG_PIETY,虔誠
LG_PINPOINTATTACK,精準攻擊
LG_PRESTIGE,威信
LG_RAGEBURST,憤怒突擊
LG_RAYOFGENESIS,創世之光
LG_REFLECTDAMAGE,聖冕加護
LG_SHIELDPRESS,重壓盾擊
LG_SHIELDSPELL,盾咒
LG_TRAMPLE,摧殘
LK_AURABLADE,靈氣劍
LK_BERSERK,狂怒之槍
LK_CONCENTRATION,
LK_HEADCRUSH,傷害增壓
LK_JOINTBEAT,巧打
LK_PARRYING,雙劍挌擋
LK_SPIRALPIERCE,螺旋擊刺
LK_TENSIONRELAX,極速回復
MA_CHARGEARROW,衝鋒箭
MA_DOUBLE,二連矢
MA_FREEZINGTRAP,霜凍陷阱
MA_LANDMINE,地雷陷阱
MA_REMOVETRAP,陷阱移除
MA_SANDMAN,睡魔陷阱
MA_SHARPSHOOTING,銳利射擊
MA_SHOWER,箭雨
MA_SKIDTRAP,滑動陷阱
MC_CARTDECORATE,改裝手推車 2
MC_CARTREVOLUTION,手推車攻擊
MC_CHANGECART,改裝手推車
MC_DISCOUNT,低價買進
MC_IDENTIFY,物品鑑定
MC_INCCARRY,負重量上升
MC_LOUD,大聲吶喊
MC_MAMMONITE,金錢攻擊
MC_OVERCHARGE,高價賣出
MC_PUSHCART,手推車使用
MC_VENDING,露天商店
MER_AUTOBERSERK,狂暴狀態
MER_BENEDICTION,祝福
MER_BLESSING,天使之賜福
MER_COMPRESS,壓制
MER_CRASH,撞擊
MER_DECAGI,緩速術
MER_ESTIMATION,怪物情報
MER_INCAGI,加速術
MER_INVINCIBLEOFF2,心靈淨化
MER_KYRIE,霸邪之陣
MER_LEXDIVINA,沉默之術
MER_MAGNIFICAT,聖母之頌歌
MER_MENTALCURE,精神_治癒
MER_PROVOKE,挑釁
MER_QUICKEN,加速武器
MER_RECUPERATE,復原
MER_REGAIN,恢復
MER_SCAPEGOAT,替罪羔羊
MER_SIGHT,火狩
MER_TENDER,補給
MG_COLDBOLT,冰箭術
MG_ENERGYCOAT,能量外套
MG_FIREBALL,火球術
MG_FIREBOLT,火箭術
MG_FIREWALL,火焰之壁
MG_FROSTDIVER,冰凍術
MG_LIGHTNINGBOLT,雷擊術
MG_NAPALMBEAT,心靈爆破
MG_SAFETYWALL,暗之障壁
MG_SIGHT,火狩
MG_SOULSTRIKE,聖靈召喚
MG_SRECOVERY,禪心
MG_STONECURSE,石化術
MG_THUNDERSTORM,雷爆術
MH_ABSOLUTE_ZEPHYR,絕對微風
MH_ANGRIFFS_MODUS,攻擊準備
MH_BLAST_FORGE,毀滅熔爐
MH_BLAZING_AND_FURIOUS,烈焰狂怒
MH_BLAZING_LAVA,炙熱熔岩
MH_BRUSHUP_CLAW,鉤爪升級
MH_CBC,連續突破組合
MH_CLASSY_FLUTTER,優雅振翅
MH_EQC,永恆快速組合
MH_ERASER_CUTTER,音速刀刃
MH_GLANZEN_SPIES,間諜標槍
MH_GOLDENE_FERSE,黃金腳跟
MH_GOLDENE_TONE,黃金音調
MH_GRANITIC_ARMOR,花崗岩鎧甲
MH_HEILIGE_PFERD,聖馬
MH_HEILIGE_STANGE,聖刺
MH_LAVA_SLIDE,熔岩滑動
MH_LICHT_GEHORN,極光之角
MH_LIGHT_OF_REGENE,重生之光
MH_MAGMA_FLOW,岩漿流動
MH_MIDNIGHT_FRENZY,午夜狂暴
MH_NEEDLE_OF_PARALYZE,麻痺針
MH_NEEDLE_STINGER,奪命刺針
MH_OVERED_BOOST,瞬間增壓
MH_PAIN_KILLER,鎮痛劑
MH_POISON_MIST,劇毒粉
MH_POLISHING_NEEDLE,拋光針
MH_PYROCLASTIC,火山塵暴
MH_SILENT_BREEZE,沉默微風
MH_SILVERVEIN_RUSH,銀脈衝擊
MH_SONIC_CRAW,音速利爪
MH_STAHL_HORN,鋼鐵之角
MH_STEINWAND,岩壁
MH_STYLE_CHANGE,轉換型態
MH_SUMMON_LEGION,召喚蟲團
MH_TEMPERING,回火
MH_THE_ONE_FIGHTER_RISES,鬥士崛起
MH_TINDER_BREAKER,粉碎骨折
MH_TOXIN_OF_MANDARA,曼陀羅劇毒
MH_TWISTER_CUTTER,颶風刀刃
MH_VOLCANIC_ASH,火山灰
MH_XENO_SLASHER,血腥魔刀
MI_ECHOSONG,回音之歌
MI_HARMONIZE,和聲演奏
MI_RUSH_WINDMILL,朝風車突擊
ML_AUTOGUARD,自動防禦
ML_BRANDISH,騎乘攻擊
ML_DEFENDER,光之盾
ML_DEVOTION,犧牲
ML_PIERCE,連刺攻擊
ML_SPIRALPIERCE,螺旋擊刺
MO_ABSORBSPIRITS,吸氣
MO_BALKYOUNG,發勁
MO_BLADESTOP,真劍百破道
MO_BODYRELOCATION,弓身彈影
MO_CALLSPIRITS,蓄氣
MO_CHAINCOMBO,連環全身掌
MO_COMBOFINISH,猛龍誇強
MO_DODGE,移花接木
MO_EXPLOSIONSPIRITS,爆氣
MO_EXTREMITYFIST,阿修羅霸凰拳
MO_FINGEROFFENSIVE,彈指神通
MO_INVESTIGATE,浸透勁
MO_IRONHAND,鐵沙掌
MO_KITRANSLATION,振氣注入
MO_SPIRITSRECOVERY,運氣調息
MO_STEELBODY,金剛不壞
MO_TRIPLEATTACK,六合拳
MS_BASH,狂擊
MS_BERSERK,狂怒之槍
MS_BOWLINGBASH,怪物互擊
MS_MAGNUM,怒爆
MS_PARRYING,
MS_REFLECTSHIELD,反射盾
MT_ABR_M,ABR精熟
MT_AXE_STOMP,戰斧踏滅
MT_A_MACHINE,啟動攻擊裝置
MT_D_MACHINE,啟動防禦裝置
MT_MIGHTY_SMASH,強力粉碎
MT_M_MACHINE,製造裝置
MT_RUSH_QUAKE,衝擊撼動
MT_SPARK_BLASTER,閃光衝擊波
MT_SUMMON_ABR_BATTLE_WARIOR,ABR-決戰勇士
MT_SUMMON_ABR_DUAL_CANNON,ABR-雙子加農砲
MT_SUMMON_ABR_INFINITY,ABR-無限戰火
MT_SUMMON_ABR_MOTHER_NET,ABR-天網聖母
MT_TRIPLE_LASER,三連雷射
MT_TWOAXEDEF,雙手斧防禦
NC_ACCELERATION,魔導機甲加速
NC_ANALYZE,解析
NC_ARMSCANNON,加農砲
NC_AXEBOOMERANG,迴旋斧
NC_AXETORNADO,戰斧颶風
NC_BOOSTKNUCKLE,噴射飛拳
NC_B_SIDESLIDE,大步後退
NC_COLDSLOWER,液體冷卻彈
NC_DISJOINT,FAW解體
NC_EMERGENCYCOOL,緊急冷卻
NC_FLAMELAUNCHER,火焰噴射器
NC_F_SIDESLIDE,大步前進
NC_HOVERING,懸停
NC_INFRAREDSCAN,紅外線掃瞄
NC_MADOLICENCE,魔導機甲執照
NC_MAGICDECOY,FAW魔法傀儡
NC_MAGMA_ERUPTION,岩漿噴發
NC_MAGNETICFIELD,磁場
NC_MAINFRAME,主體改造
NC_NEUTRALBARRIER,中性防護罩
NC_PILEBUNKER,衝擊椎
NC_POWERSWING,揮斧重擊
NC_REPAIR,修復
NC_RESEARCHFE,火焰與大地的研究
NC_SELFDESTRUCTION,自我摧毀
NC_SHAPESHIFT,形態轉換
NC_SILVERSNIPER,FAW銀光狙擊手
NC_STEALTHFIELD,隱形力場
NC_TRAININGAXE,斧頭鍛鍊
NC_VULCANARM,火神砲
NJ_BAKUENRYU,爆炎龍
NJ_BUNSINJYUTSU,幻影分身
NJ_HUUJIN,風刃
NJ_HUUMA,投擲風魔飛鏢
NJ_HYOUSENSOU,冰閃槍
NJ_HYOUSYOURAKU,冰晶落
NJ_ISSEN,一閃擊
NJ_KAENSIN,火炎陣
NJ_KAMAITACHI,朔風
NJ_KASUMIKIRI,霧裡砍劈
NJ_KIRIKAGE,隱身攻擊
NJ_KOUENKA,火炎花
NJ_KUNAI,投擲飛刀
NJ_NEN,念
NJ_NINPOU,忍術修練
NJ_RAIGEKISAI,雷擊碎
NJ_SHADOWJUMP,影子跳躍
NJ_SUITON,水鈍
NJ_SYURIKEN,投擲飛鏢
NJ_TATAMIGAESHI,榻榻米攻擊
NJ_TOBIDOUGU,飛刀 修練
NJ_UTSUSEMI,金蟬脫殼
NJ_ZENYNAGE,投擲金錢
NV_BASIC,基本技能
NV_BREAKTHROUGH,超越極限
NV_FIRSTAID,緊急治療
NV_HELPANGEL,救援天使
NV_TRANSCENDENCE,心靈超越
NV_TRICKDEAD,裝死
NW_AUTO_FIRING_LAUNCHER,自動射擊發射器
NW_BASIC_GRENADE,初階手榴彈
NW_GRENADES_DROPPING,落空手榴彈
NW_GRENADE_FRAGMENT,榴彈碎片
NW_GRENADE_MASTERY,榴彈精通
NW_HASTY_FIRE_IN_THE_HOLE,洞中急火
NW_HIDDEN_CARD,王牌出手
NW_INTENSIVE_AIM,專注瞄準
NW_MAGAZINE_FOR_ONE,梅格競直擊
NW_MISSION_BOMBARD,任務轟炸機
NW_ONLY_ONE_BULLET,獨一槍彈
NW_P_F_I,P.F.I
NW_SPIRAL_SHOOTING,螺旋射擊
NW_THE_VIGILANTE_AT_NIGHT,夜裡的警惕
NW_WILD_FIRE,曠野之火
OB_AKAITSUKI,不祥的紅月
OB_OBOROGENSOU,陰月的幻影
OB_ZANGETSU,變形的上弦月
PA_GOSPEL,聖音
PA_PRESSURE,神之威壓
PA_SACRIFICE,捨命攻擊
PA_SHIELDCHAIN,連續盾擊
PF_DOUBLECASTING,雙倍投擲
PF_FOGWALL,薄霧牆
PF_HPCONVERSION,HP轉換
PF_MEMORIZE,速讀術
PF_MINDBREAKER,精神撼動
PF_SOULBURN,精神耗弱術
PF_SOULCHANGE,心神互換
PF_SPIDERWEB,易燃之網
PR_ASPERSIO,撒水祈福
PR_BENEDICTIO,聖之祈福
PR_GLORIA,幸運之頌歌
PR_IMPOSITIO,神威祈福
PR_KYRIE,霸邪之陣
PR_LEXAETERNA,天使之怒
PR_LEXDIVINA,沉默之術
PR_MACEMASTERY,鈍器使用熟練度
PR_MAGNIFICAT,聖母之頌歌
PR_MAGNUS,十字驅魔攻擊
PR_REDEMPTIO,捨身取義
PR_SANCTUARY,光耀之堂
PR_SLOWPOISON,緩毒術
PR_STRECOVERY,痊癒術
PR_SUFFRAGIUM,犧牲祈福
PR_TURNUNDEAD,轉生術
RA_AIMEDBOLT,瞄準標靶
RA_ARROWSTORM,箭雨風暴
RA_CAMOUFLAGE,偽裝戰術
RA_CLUSTERBOMB,榴霰彈
RA_COBALTTRAP,深藍陷阱
RA_DETONATOR,雷管
RA_ELECTRICSHOCKER,電擊陷阱
RA_FEARBREEZE,微風恐懼
RA_FIRINGTRAP,燃燒陷阱
RA_ICEBOUNDTRAP,冰封陷阱
RA_MAGENTATRAP,紫紅陷阱
RA_MAIZETRAP,淺黃陷阱
RA_RANGERMAIN,遊俠主意
RA_RESEARCHTRAP,陷阱研究
RA_SENSITIVEKEEN,敏銳嗅覺
RA_TOOTHOFWUG,狼牙
RA_UNLIMIT,菁英狙擊
RA_VERDURETRAP,青翠陷阱
RA_WUGBITE,狼咬
RA_WUGDASH,疾狼術
RA_WUGMASTERY,召狼術
RA_WUGRIDER,騎狼術
RA_WUGSTRIKE,狼突擊
RETURN_TO_ELDICASTES,返回艾爾迪卡斯特
RG_BACKSTAP,背刺
RG_CLEANER,清洗
RG_CLOSECONFINE,緊密的約束
RG_COMPULSION,強制減價
RG_FLAGGRAFFITI,旗幟塗鴉
RG_GANGSTER,流氓天國
RG_GRAFFITI,塗鴉
RG_INTIMIDATE,脅持
RG_PLAGIARISM,抄襲
RG_RAID,潛擊
RG_SNATCHER,強奪
RG_STEALCOIN,偷錢
RG_STRIPARMOR,卸除鎧甲
RG_STRIPHELM,卸除頭盔
RG_STRIPSHIELD,卸除盾牌
RG_STRIPWEAPON,卸除武器
RG_TUNNELDRIVE,潛遁
RK_DEATHBOUND,死亡反彈
RK_DRAGONBREATH,龍之氣息
RK_DRAGONBREATH_WATER,龍之氣息-水
RK_DRAGONHOWLING,龍之咆哮
RK_DRAGONTRAINING,龍駕馭
RK_ENCHANTBLADE,魔力劍
RK_HUNDREDSPEAR,百矛穿刺
RK_IGNITIONBREAK,致命爆裂
RK_PHANTOMTHRUST,幻象突刺
RK_RUNEMASTERY,盧恩精熟
RK_SONICWAVE,音速衝擊波
RK_WINDCUTTER,風壓飛刃
RL_AM_BLAST,毀滅重擊
RL_BANISHING_BUSTER,強制驅逐
RL_B_TRAP,暗黑地獄
RL_C_MARKER,血色烙印
RL_D_TAIL,魔獸擺尾
RL_E_CHAIN,無限連鎖
RL_FALLEN_ANGEL,墮落天使
RL_FIREDANCE,殺戮暗舞
RL_FIRE_RAIN,火焰暴雨
RL_FLICKER,閃爍信號
RL_HAMMER_OF_GOD,天神憤怒
RL_HEAT_BARREL,加速子彈
RL_H_MINE,破壞怒吼
RL_MASS_SPIRAL,絕對貫穿
RL_P_ALTER,白金祭壇
RL_QD_SHOT,瞬速子彈
RL_RICHS_COIN,富翁的財貨
RL_R_TRIP,圓桌舞蹈
RL_SLUGSHOT,根源破壞
RL_S_STORM,粉碎風暴
SA_ABRACADABRA,隨機技能
SA_ADVANCEDBOOK,進化之書
SA_AUTOSPELL,自動念咒
SA_CASTCANCEL,取消施法
SA_CLASSCHANGE,變換成Boss級魔物
SA_COMA,頻死之術
SA_CREATECON,肯貝特製作
SA_DEATH,死身
SA_DELUGE,水元素領域
SA_DISPELL,魔法效果解除
SA_DRAGONOLOGY,龍知識
SA_ELEMENTFIRE,火屬性元素更換
SA_ELEMENTGROUND,地屬性元素更換
SA_ELEMENTWATER,水屬性元素更換
SA_ELEMENTWIND,風屬性元素更換
SA_FLAMELAUNCHER,火屬性附加
SA_FORTUNE,宿命
SA_FREECAST,自由施法
SA_FROSTWEAPON,水屬性附加
SA_FULLRECOVERY,完全恢復
SA_GRAVITY,GRAVITY
SA_INSTANTDEATH,當場死亡
SA_LANDPROTECTOR,地元素領域
SA_LEVELUP,升級
SA_LIGHTNINGLOADER,風屬性附加
SA_MAGICROD,魔法懲罰
SA_MONOCELL,變換成波利
SA_QUESTION,問號
SA_REVERSEORCISH,變成獸人面孔
SA_SEISMICWEAPON,地屬性附加
SA_SPELLBREAKER,念咒拆除
SA_SUMMONMONSTER,召喚魔物
SA_TAMINGMONSTER,認養寵物
SA_VIOLENTGALE,風元素領域
SA_VOLCANO,火元素領域
SC_AUTOSHADOWSPELL,自動魅影念咒
SC_BLOODYLUST,血腥欲望
SC_BODYPAINT,人體彩繪
SC_CHAOSPANIC,混沌恐慌
SC_DEADLYINFECT,致命感染
SC_DIMENSIONDOOR,異次元之門
SC_ENERVATION,面具:無力
SC_ESCAPE,緊急脫身
SC_FATALMENACE,致命威脅
SC_FEINTBOMB,虛擊炸彈
SC_GROOMY,面具:憂鬱
SC_IGNORANCE,面具:無知
SC_INVISIBILITY,透明術
SC_LAZINESS,面具:懶散
SC_MAELSTROM,漩渦
SC_MANHOLE,人孔
SC_REPRODUCE,繁殖
SC_SHADOWFORM,魅影形態
SC_STRIPACCESSARY,卸除配件
SC_TRIANGLESHOT,三角射擊
SC_UNLUCKY,面具:不幸
SC_WEAKNESS,面具:衰弱
SG_DEVIL,太陽和月亮和星星的惡魔
SG_FEEL,太陽和月亮和星星的感覺
SG_FRIEND,太陽和月亮和星星的朋友
SG_FUSION,太陽和月亮和星星的融合
SG_HATE,太陽和月亮和星星的憎惡
SG_KNOWLEDGE,太陽和月亮和星星的知識
SG_MOON_ANGER,月亮的憤怒
SG_MOON_BLESS,月亮的祝福
SG_MOON_COMFORT,月亮的平安感
SG_MOON_WARM,月亮的溫暖
SG_STAR_ANGER,星星的憤怒
SG_STAR_BLESS,星星的祝福
SG_STAR_COMFORT,星星的平安感
SG_STAR_WARM,星星的溫暖
SG_SUN_ANGER,太陽的憤怒
SG_SUN_BLESS,太陽的祝福
SG_SUN_COMFORT,太陽的平安感
SG_SUN_WARM,太陽的溫暖
SHC_DANCING_KNIFE,舞動血刃
SHC_ENCHANTING_SHADOW,迷惑魅影
SHC_ETERNAL_SLASH,永恆斬擊
SHC_FATAL_SHADOW_CROW,致命影爪
SHC_IMPACT_CRATER,神力撞擊
SHC_POTENT_VENOM,強效毒液
SHC_SAVAGE_IMPACT,野蠻衝擊
SHC_SHADOW_EXCEED,魅影強化
SHC_SHADOW_SENSE,影刃旋舞
SHC_SHADOW_STAB,暗影刺擊
SH_BLESSING_OF_MYSTICAL_CREATURES,靈物祝福
SH_CHUL_HO_SONIC_CLAW,鐵虎空心爪
SH_COLORS_OF_HYUN_ROK,玄鹿五色角
SH_COMMUNE_WITH_CHUL_HO,靈物交流:鐵虎
SH_COMMUNE_WITH_HYUN_ROK,靈物交流:玄鹿
SH_COMMUNE_WITH_KI_SUL,靈物交流:神龜
SH_HOGOGONG_STRIKE,虎高空亂打
SH_HOWLING_OF_CHUL_HO,鐵虎咆哮
SH_HYUN_ROKS_BREEZE,玄鹿葉風
SH_HYUN_ROK_CANNON,玄鹿砲
SH_KI_SUL_RAMPAGE,神龜劇烈震盪
SH_KI_SUL_WATER_SPRAYING,神龜灑水砲
SH_MARINE_FESTIVAL_OF_KI_SUL,神龜海洋慶典
SH_MYSTICAL_CREATURE_MASTERY,靈物互動
SH_SANDY_FESTIVAL_OF_KI_SUL,神龜沙雕節
SH_TEMPORARY_COMMUNION,急速交流
SJ_BOOKOFCREATINGSTAR,創星之書
SJ_BOOKOFDIMENSION,次元之書
SJ_DOCUMENT,太陽和月亮和星星的紀錄
SJ_FALLINGSTAR,流星殞落
SJ_FLASHKICK,閃光腳
SJ_FULLMOONKICK,滿月腳
SJ_GRAVITYCONTROL,重力調整
SJ_LIGHTOFMOON,月亮光輝
SJ_LIGHTOFSTAR,星星光輝
SJ_LIGHTOFSUN,太陽光輝
SJ_LUNARSTANCE,月亮英姿
SJ_NEWMOONKICK,朔月腳
SJ_NOVAEXPLOSING,新星爆炸
SJ_PROMINENCEKICK,紅焰腳
SJ_PURIFY,太陽和月亮和星星的淨化
SJ_SOLARBURST,太陽爆炸
SJ_STAREMPEROR,拳皇降臨
SJ_STARSTANCE,星星英姿
SJ_SUNSTANCE,太陽英姿
SJ_UNIVERSESTANCE,宇宙英姿
SKE_ALL_IN_THE_SKY,天羅萬象
SKE_DAWN_BREAK,晨月
SKE_ENCHANTING_SKY,天氣地神
SKE_MIDNIGHT_KICK,天晨一月
SKE_NOON_BLAST,天晨一陽
SKE_RISING_MOON,天地一月
SKE_RISING_SUN,天地一陽
SKE_SKY_MASTERY,天機修練
SKE_STAR_BURST,天命落星
SKE_STAR_CANNON,天星
SKE_SUNSET_BLAST,天陽
SKE_TWINKLING_GALAXY,天地萬星
SKE_WAR_BOOK_MASTERY,兵法修練
SL_ALCHEMIST,鍊金術師的靈魂
SL_ASSASIN,刺客的靈魂
SL_BARDDANCER,吟遊詩人和舞孃的靈魂
SL_BLACKSMITH,鐵匠的靈魂
SL_CRUSADER,十字軍的靈魂
SL_HIGH,一轉上等職業的靈魂
SL_HUNTER,獵人的靈魂
SL_KAAHI,凱阿希
SL_KAINA,凱易娜
SL_KAITE,凱易特
SL_KAIZEL,凱易哲
SL_KAUPE,凱誣僕
SL_KNIGHT,騎士的靈魂
SL_MONK,武道家的靈魂
SL_PRIEST,祭司 的靈魂
SL_ROGUE,流氓的靈魂
SL_SAGE,賢者的靈魂
SL_SKA,艾斯卡
SL_SKE,艾斯克
SL_SMA,艾斯麻
SL_SOULLINKER,悟靈士的靈魂
SL_STAR,拳聖的靈魂
SL_STIN,艾斯提
SL_STUN,艾斯敦
SL_SUPERNOVICE,超級初學者的靈魂
SL_SWOO,艾斯誣
SL_WIZARD,巫師的靈魂
SM_AUTOBERSERK,狂暴狀態
SM_BASH,狂擊
SM_ENDURE,霸體
SM_FATALBLOW,攻擊弱點
SM_MAGNUM,怒爆
SM_MOVINGRECOVERY,移動時恢復HP
SM_PROVOKE,挑釁
SM_RECOVERY,快速恢復
SM_SWORD,單手劍使用熟練度
SM_TWOHAND,雙手劍使用熟練度
SN_FALCONASSAULT,獵鷹突擊
SN_SHARPSHOOTING,銳利射擊
SN_SIGHT,狙殺瞄準
SN_WINDWALK,風之步
SOA_CIRCLE_OF_DIRECTIONS_AND_ELEMENTALS,四方五行陣
SOA_EXORCISM_OF_MALICIOUS_SOUL,死靈淨化
SOA_SOUL_GATHERING,靈魂聚集
SOA_SOUL_MASTERY,引魂術研究
SOA_SOUL_OF_HEAVEN_AND_EARTH,天地神靈
SOA_TALISMAN_MASTERY,符咒研究
SOA_TALISMAN_OF_BLACK_TORTOISE,玄武符
SOA_TALISMAN_OF_BLUE_DRAGON,青龍符
SOA_TALISMAN_OF_FIVE_ELEMENTS,五行符
SOA_TALISMAN_OF_FOUR_BEARING_GOD,四方神符
SOA_TALISMAN_OF_MAGICIAN,法師符
SOA_TALISMAN_OF_PROTECTION,護身符
SOA_TALISMAN_OF_RED_PHOENIX,朱雀符
SOA_TALISMAN_OF_SOUL_STEALING,竊魂平安符
SOA_TALISMAN_OF_WARRIOR,武士符
SOA_TALISMAN_OF_WHITE_TIGER,白虎符
SOA_TOTEM_OF_TUTELARY,城隍廟
SO_ARRULLO,搖籃曲
SO_CLOUD_KILL,雲殺
SO_DIAMONDDUST,鑽石星塵
SO_EARTHGRAVE,大地墳場
SO_EARTH_INSIGNIA,地之紋章
SO_ELECTRICWALK,電流步
SO_ELEMENTAL_SHIELD,精靈結界
SO_EL_ACTION,精靈激發
SO_EL_ANALYSIS,元素分析
SO_EL_CONTROL,精靈控制
SO_EL_CURE,精靈治癒
SO_EL_SYMPATHY,精靈交流
SO_FIREWALK,火焰步
SO_FIRE_INSIGNIA,火之紋章
SO_POISON_BUSTER,劇毒猛擊
SO_PSYCHIC_WAVE,超自然波
SO_SPELLFIST,魔力拳
SO_STRIKING,打擊強化
SO_SUMMON_AGNI,召喚火精靈阿格尼
SO_SUMMON_AQUA,召喚水精靈阿庫亞
SO_SUMMON_TERA,召喚地精靈泰拉
SO_SUMMON_VENTUS,召喚風精靈梵圖斯
SO_VACUUM_EXTREME,極限空虛
SO_VARETYR_SPEAR,聖槍刺擊
SO_WARMER,加熱術
SO_WATER_INSIGNIA,水之紋章
SO_WIND_INSIGNIA,風之紋章
SP_CURSEEXPLOSION,邪靈爆炸
SP_KAUTE,凱渥特
SP_SHA,艾斯哈
SP_SOULCOLLECT,靈魂蓄積
SP_SOULCURSE,邪惡靈魂詛咒
SP_SOULDIVISION,靈魂分裂
SP_SOULENERGY,靈魂能量研究
SP_SOULEXPLOSION,靈魂引爆
SP_SOULFAIRY,精靈靈魂
SP_SOULFALCON,隼鷹靈魂
SP_SOULGOLEM,巨人靈魂
SP_SOULREAPER,靈魂收割
SP_SOULREVOLVE,靈魂循環
SP_SOULSHADOW,影子靈魂
SP_SOULUNITY,靈魂集結
SP_SPA,艾斯帕
SP_SWHOO,艾斯核
SR_ASSIMILATEPOWER,吸氣攻
SR_CRESCENTELBOW,破碎柱
SR_CURSEDCIRCLE,咒縛陣
SR_DRAGONCOMBO,雙龍腳
SR_EARTHSHAKER,地雷震
SR_FALLENEMPIRE,大纏崩墜
SR_FLASHCOMBO,閃光連擊
SR_GATEOFHELL,羅剎破凰擊
SR_GENTLETOUCH_CHANGE,點穴-反
SR_GENTLETOUCH_CURE,點穴-快
SR_GENTLETOUCH_ENERGYGAIN,點穴-球
SR_GENTLETOUCH_QUIET,點穴-默
SR_GENTLETOUCH_REVITALIZE,點穴-活
SR_HOWLINGOFLION,獅子吼
SR_KNUCKLEARROW,修羅身彈
SR_LIGHTNINGWALK,閃電步
SR_POWERVELOCITY,全氣注入
SR_RAISINGDRAGON,潛龍昇天
SR_RAMPAGEBLASTER,爆氣散彈
SR_RIDEINLIGHTNING,雷光彈
SR_SKYNETBLOW,天羅地網
SR_TIGERCANNON,虎砲
SR_WINDMILL,旋風腿
SS_AKUMUKESU,消除惡夢
SS_ANKOKURYUUAKUMU,暗黑龍 - 噩夢
SS_ANTENPOU,暗戰砲
SS_FUUMAKOUCHIKU,風魔飛鏢–構築
SS_FUUMASHOUAKU,風魔飛鏢–掌握
SS_HITOUAKUMU,飛刀 - 噩夢
SS_KAGEAKUMU,詭影 - 噩夢
SS_KAGEGARI,詭影狩獵
SS_KAGEGISSEN,詭影閃光
SS_KAGENOMAI,詭影舞動
SS_KINRYUUHOU,金龍砲
SS_KUNAIKAITEN,飛刀-旋轉
SS_KUNAIKUSSETSU,飛刀-曲折
SS_KUNAIWAIKYOKU,飛刀–扭曲
SS_RAIDENPOU,雷電砲
SS_REIKETSUHOU,冷焰砲
SS_SEKIENHOU,火焰砲
SS_SHIMIRU,滲透
SS_SHINKIROU,海市蜃樓
SS_TOKEDASU,致命融化
ST_CHASEWALK,暗影追蹤
ST_FULLSTRIP,所有卸除
ST_PRESERVE,自由保護
ST_REJECTSWORD,霸王魂
SU_ARCLOUSEDASH,捲甲蟲暴衝
SU_BASIC_SKILL,新基本技能
SU_BITE,狠咬
SU_BUNCHOFSHRIMP,蝦群
SU_CHATTERING,喵喵不休
SU_CN_METEOR,貓薄荷隕石
SU_CN_POWDERING,貓薄荷灑粉
SU_FRESHSHRIMP,活蝦
SU_GROOMING,舔毛
SU_HIDE,躲藏
SU_HISS,嘶嘶聲
SU_LOPE,跳躍
SU_LUNATICCARROTBEAT,瘋兔胡蘿蔔重擊
SU_MEOWMEOW,喵喵
SU_NYANGGRASS,喵喵草
SU_PICKYPECK,小雞啄擊
SU_POWEROFFLOCK,喵喵威武
SU_POWEROFLAND,大地力量
SU_POWEROFLIFE,生命力量
SU_POWEROFSEA,海洋力量
SU_PURRING,咕嚕咕嚕
SU_SCAROFTAROU,白鼠創傷
SU_SCRATCH,抓傷
SU_SHRIMPARTY,美味活蝦派對
SU_SOULATTACK,靈魂攻擊
SU_SPIRITOFLAND,大地之魂
SU_SPIRITOFLIFE,生命之魂
SU_SPIRITOFSEA,海洋之魂
SU_SPRITEMABLE,靈魂魔珠
SU_STOOP,俯身
SU_SVG_SPIRIT,野豬之魂
SU_SV_ROOTTWIST,獼猴桃根莖纏繞
SU_SV_STEMSPEAR,獼猴桃梗槍
SU_TUNABELLY,鮪魚肚肉
SU_TUNAPARTY,鮪魚派對
TF_BACKSLIDING,後退迴避
TF_DETOXIFY,解毒
TF_DOUBLE,二刀連擊
TF_HIDING,隱匿
TF_MISS,殘影
TF_PICKSTONE,撿石頭
TF_POISON,施毒
TF_SPRINKLESAND,噴砂
TF_STEAL,偷竊
TF_THROWSTONE,投擲石頭
TK_COUNTER,還擊踢
TK_DODGE,落法
TK_DOWNKICK,砸踢
TK_HIGHJUMP,跳高
TK_HPTIME,平安的休息
TK_JUMPKICK,飛腳踢
TK_MISSION,太拳任務
TK_POWER,加油
TK_READYCOUNTER,還擊準備
TK_READYDOWN,砸踢準備
TK_READYSTORM,迴旋準備
TK_READYTURN,踢準備
TK_RUN,跑步
TK_SEVENWIND,溫暖的風
TK_SPTIME,快樂的休息
TK_STORMKICK,迴旋踢
TK_TURNKICK,轉身踢
TR_AIN_RHAPSODY,礦工狂想曲
TR_GEF_NOCTURN,葛帔尼亞夜曲
TR_JAWAII_SERENADE,暮色小夜曲
TR_KVASIR_SONATA,克瓦希爾奏鳴曲
TR_METALIC_FURY,金屬狂怒
TR_MUSICAL_INTERLUDE,音樂劇插曲
TR_MYSTIC_SYMPHONY,神秘交響曲
TR_NIPELHEIM_REQUIEM,亡靈鎮魂歌
TR_PRON_MARCH,普隆德拉進行曲
TR_RETROSPECTION,美聲回顧
TR_RHYTHMSHOOTING,節奏射擊
TR_ROKI_CAPRICCIO,洛基奏鳴曲
TR_ROSEBLOSSOM,玫瑰箭矢
TR_SOUNDBLEND,混聲烙印
TR_STAGE_MANNER,舞台禮儀
WA_MOONLIT_SERENADE,月光小夜曲
WA_SWING_DANCE,搖擺舞
WA_SYMPHONY_OF_LOVER,戀人交響樂
WE_BABY,爸媽我愛您
WE_CALLALLFAMILY,當我們同在一起
WE_CALLBABY,寶貝請來這裡
WE_CALLPARENT,爸媽我想念您
WE_CALLPARTNER,想念你
WE_CHEERUP,爸比媽咪請加油
WE_FEMALE,只為你犧牲
WE_MALE,只呵護妳
WE_ONEFOREVER,生生世世永不分離
WH_ADVANCED_TRAP,高階陷阱
WH_CALAMITYGALE,憤怒暴風
WH_CRESCIVE_BOLT,漸進狙擊
WH_DEEPBLINDTRAP,深盲陷阱
WH_FLAMETRAP,火焰陷阱
WH_GALESTORM,毀滅風暴
WH_HAWKBOOMERANG,獵鷹狙擊
WH_HAWKRUSH,獵鷹奇襲
WH_HAWK_M,獵鷹精熟
WH_NATUREFRIENDLY,熱愛自然
WH_SOLIDTRAP,磐石陷阱
WH_SWIFTTRAP,急速陷阱
WH_WIND_SIGN,八風標記
WL_CHAINLIGHTNING,連鎖電擊
WL_COMET,毀滅彗星
WL_CRIMSONROCK,碧血隕石
WL_DRAINLIFE,吸星大法
WL_EARTHSTRAIN,地牛翻身
WL_FREEZE_SP,魔法保存
WL_FROSTMISTY,寒冰濃霧
WL_HELLINFERNO,地獄火焰
WL_JACKFROST,凍僵術
WL_MARSHOFABYSS,深淵沼地
WL_RADIUS,半徑擴大
WL_READING_SB,閱讀魔法書
WL_RECOGNIZEDSPELL,魔法省悟
WL_RELEASE,釋放
WL_SIENNAEXECRATE,石化詛咒
WL_SOULEXPANSION,靈魂爆炸
WL_STASIS,魔力凍結
WL_SUMMONBL,召喚雷電球
WL_SUMMONFB,召喚火焰球
WL_SUMMONSTONE,召喚石塊
WL_SUMMONWB,召喚水球
WL_TELEKINESIS_INTENSE,終極念力
WL_TETRAVORTEX,屬性漩渦
WL_WHITEIMPRISON,白色監獄
WM_BEYOND_OF_WARCRY,戰嚎的彼端
WM_DANCE_WITH_WUG,與狼共舞
WM_DEADHILLHERE,死亡峽谷
WM_FRIGG_SONG,豐年頌
WM_GLOOMYDAY,羞怯一天的憂鬱
WM_GREAT_ECHO,巨大共鳴
WM_LERADS_DEW,雷拉多露水
WM_LESSON,課程
WM_LULLABY_DEEPSLEEP,沉睡搖籃曲
WM_MELODYOFSINK,消沈旋律
WM_METALICSOUND,重金屬音樂
WM_POEMOFNETHERWORLD,絕望之歌
WM_RANDOMIZESPELL,不確定要素的語言
WM_REVERBERATION,殘響
WM_SATURDAY_NIGHT_FEVER,狂歡週末夜
WM_SEVERE_RAINSTORM,大暴雨
WM_SIRCLEOFNATURE,循環的大自然之音
WM_SONG_OF_MANA,魔力之歌
WM_SOUND_OF_DESTRUCTION,毀滅之聲
WM_UNLIMITED_HUMMING_VOICE,無限哼唱聲
WM_VOICEOFSIREN,塞壬之音
WS_CARTBOOST,手推車加速
WS_CARTTERMINATION,手推車終結技
WS_CREATECOIN,金錢鑄造
WS_CREATENUGGET,金屬塊製造
WS_MELTDOWN,野蠻凶砍
WS_OVERTHRUSTMAX,凶砍最大值
WS_SYSTEMCREATE,攻擊塔製作
WS_WEAPONREFINE,武器精煉
WZ_EARTHSPIKE,地震術
WZ_ESTIMATION,怪物情報
WZ_FIREIVY,火焰藤蔓
WZ_FIREPILLAR,火柱攻擊
WZ_FROSTNOVA,霜凍之術
WZ_HEAVENDRIVE,崩裂術
WZ_ICEWALL,冰刃之牆
WZ_JUPITEL,雷鳴術
WZ_METEOR,隕石術
WZ_QUAGMIRE,泥沼地
WZ_SIGHTBLASTER,火狩芽
WZ_SIGHTRASHER,火之獵殺
WZ_STORMGUST,暴風雪
WZ_VERMILION,怒雷強擊
WZ_WATERBALL,水球術
RK_STORMBLAST,風暴衝擊